username,password
user1,password123
user2,password123
user3,password123
user4,password123
user5,password123
user6,password123
user7,password123
user8,password123
user9,password123
user10,password123
user11,password123
user12,password123
user13,password123
user14,password123
user15,password123
user16,password123
user17,password123
user18,password123
user19,password123
user20,password123
user21,password123
user22,password123
user23,password123
user24,password123
user25,password123
user26,password123
user27,password123
user28,password123
user29,password123
user30,password123
user31,password123
user32,password123
user33,password123
user34,password123
user35,password123
user36,password123
user37,password123
user38,password123
user39,password123
user40,password123
user41,password123
user42,password123
user43,password123
user44,password123
user45,password123
user46,password123
user47,password123
user48,password123
user49,password123
user50,password123
user51,password123
user52,password123
user53,password123
user54,password123
user55,password123
user56,password123
user57,password123
user58,password123
user59,password123
user60,password123
user61,password123
user62,password123
user63,password123
user64,password123
user65,password123
user66,password123
user67,password123
user68,password123
user69,password123
user70,password123
user71,password123
user72,password123
user73,password123
user74,password123
user75,password123
user76,password123
user77,password123
user78,password123
user79,password123
user80,password123
user81,password123
user82,password123
user83,password123
user84,password123
user85,password123
user86,password123
user87,password123
user88,password123
user89,password123
user90,password123
user91,password123
user92,password123
user93,password123
user94,password123
user95,password123
user96,password123
user97,password123
user98,password123
user99,password123
user100,password123
